{"cameraMode":{"drawMode":0,"name":"Shaded","section":"Shading Mode"},"sceneLighting":false,"audioPlay":false,"sceneViewState":{"showFog":true,"showMaterialUpdate":false,"showSkybox":false,"showFlares":true,"showImageEffects":true,"showParticleSystems":true,"showVisualEffectGraphs":true,"m_FxEnabled":false},"in2DMode":false,"pivot":{"x":0.9021663665771484,"y":0.20817068219184876,"z":-0.3867254853248596},"rotation":{"x":0.020997364073991777,"y":0.9645534753799439,"z":-0.2508031725883484,"w":0.08031050115823746},"size":1.0435349941253663,"orthographic":false}