{"cameraMode":{"drawMode":0,"name":"Shaded","section":"Shading Mode"},"sceneLighting":false,"audioPlay":false,"sceneViewState":{"showFog":true,"showMaterialUpdate":false,"showSkybox":false,"showFlares":true,"showImageEffects":true,"showParticleSystems":true,"showVisualEffectGraphs":true,"m_FxEnabled":false},"in2DMode":false,"pivot":{"x":605.8888549804688,"y":198.05023193359376,"z":7.69610595703125},"rotation":{"x":0.09136934578418732,"y":0.014343207702040673,"z":-0.0012814471265301109,"w":0.9957614541053772},"size":354.1278991699219,"orthographic":false}