{"cameraMode":{"drawMode":0,"name":"Shaded","section":"Shading Mode"},"sceneLighting":false,"audioPlay":false,"sceneViewState":{"showFog":true,"showMaterialUpdate":false,"showSkybox":false,"showFlares":true,"showImageEffects":true,"showParticleSystems":true,"showVisualEffectGraphs":true,"m_FxEnabled":false},"in2DMode":false,"pivot":{"x":0.17625993490219117,"y":0.3586311340332031,"z":0.15611213445663453},"rotation":{"x":0.6220409870147705,"y":0.23630109429359437,"z":-0.20476245880126954,"w":0.7178744673728943},"size":3.1987266540527345,"orthographic":false}