{"cameraMode":{"drawMode":0,"name":"Shaded","section":"Shading Mode"},"sceneLighting":false,"audioPlay":false,"sceneViewState":{"showFog":true,"showMaterialUpdate":false,"showSkybox":false,"showFlares":true,"showImageEffects":true,"showParticleSystems":true,"showVisualEffectGraphs":true,"m_FxEnabled":false},"in2DMode":false,"pivot":{"x":0.7473433613777161,"y":-1.581376552581787,"z":3.6336607933044435},"rotation":{"x":0.2926049828529358,"y":-0.018649335950613023,"z":0.005690329242497683,"w":0.9560622572898865},"size":6.922455310821533,"orthographic":false}